pro_name,pro_seq,office_name,office_seq
กระบี่,64,สำนักงานที่ดินจังหวัดกระบี่,311
กระบี่,64,สำนักงานที่ดินจังหวัดกระบี่ สาขาคลองท่อม,340
กระบี่,64,สำนักงานที่ดินจังหวัดกระบี่ สาขาคลองท่อม ส่วนแยกเกาะลันตา,8930
กระบี่,64,สำนักงานที่ดินจังหวัดกระบี่ สาขาอ่าวลึก,341
กรุงเทพมหานคร,1,สำนักงานที่ดินกรุงเทพมหานคร,241
กรุงเทพมหานคร,1,สำนักงานที่ดินกรุงเทพมหานคร สาขาดอนเมือง,325
กรุงเทพมหานคร,1,สำนักงานที่ดินกรุงเทพมหานคร สาขาธนบุรี,326
กรุงเทพมหานคร,1,สำนักงานที่ดินกรุงเทพมหานคร สาขาบางกอกน้อย,327
กรุงเทพมหานคร,1,สำนักงานที่ดินกรุงเทพมหานคร สาขาบางกะปิ,328
กรุงเทพมหานคร,1,สำนักงานที่ดินกรุงเทพมหานคร สาขาบางขุนเทียน,329
กรุงเทพมหานคร,1,สำนักงานที่ดินกรุงเทพมหานคร สาขาบางเขน,330
กรุงเทพมหานคร,1,สำนักงานที่ดินกรุงเทพมหานคร สาขาบึงกุ่ม,331
กรุงเทพมหานคร,1,สำนักงานที่ดินกรุงเทพมหานคร สาขาประเวศ,332
กรุงเทพมหานคร,1,สำนักงานที่ดินกรุงเทพมหานคร สาขาพระโขนง,333
กรุงเทพมหานคร,1,สำนักงานที่ดินกรุงเทพมหานคร สาขามีนบุรี,334
กรุงเทพมหานคร,1,สำนักงานที่ดินกรุงเทพมหานคร สาขาลาดกระบัง,335
กรุงเทพมหานคร,1,สำนักงานที่ดินกรุงเทพมหานคร สาขาลาดพร้าว,336
กรุงเทพมหานคร,1,สำนักงานที่ดินกรุงเทพมหานคร สาขาหนองแขม,338
กรุงเทพมหานคร,1,สำนักงานที่ดินกรุงเทพมหานคร สาขาหนองจอก,337
กรุงเทพมหานคร,1,สำนักงานที่ดินกรุงเทพมหานคร สาขาห้วยขวาง,339
กรุงเทพมหานคร,1,สำนักงานที่ดินกรุงเทพมหานคร สาขาจตุจักร,324
กาญจนบุรี,56,สำนักงานที่ดินจังหวัดกาญจนบุรี,303
กาญจนบุรี,56,สำนักงานที่ดินจังหวัดกาญจนบุรี สาขาทองผาภูมิ,342
กาญจนบุรี,56,สำนักงานที่ดินจังหวัดกาญจนบุรี สาขาท่าม่วง,344
กาญจนบุรี,56,สำนักงานที่ดินจังหวัดกาญจนบุรี สาขาท่ามะกา,343
กาญจนบุรี,56,สำนักงานที่ดินจังหวัดกาญจนบุรี สาขาบ่อพลอย,345
กาญจนบุรี,56,สำนักงานที่ดินจังหวัดกาญจนบุรี สาขาพนมทวน,346
กาญจนบุรี,56,สำนักงานที่ดินจังหวัดกาญจนบุรี ส่วนแยกเลาขวัญ,1214
กาฬสินธุ์,34,สำนักงานที่ดินจังหวัดกาฬสินธุ์,281
กาฬสินธุ์,34,สำนักงานที่ดินจังหวัดกาฬสินธุ์ สาขากมลาไสย,347
กาฬสินธุ์,34,สำนักงานที่ดินจังหวัดกาฬสินธุ์ สาขากุฉินารายณ์,348
กาฬสินธุ์,34,สำนักงานที่ดินจังหวัดกาฬสินธุ์ สาขายางตลาด,349
กาฬสินธุ์,34,สำนักงานที่ดินจังหวัดกาฬสินธุ์ สาขาสมเด็จ,350
กาฬสินธุ์,34,สำนักงานที่ดินจังหวัดกาฬสินธุ์ สาขาหนองกุงศรี,351
กำแพงเพชร,49,สำนักงานที่ดินจังหวัดกำแพงเพชร,296
กำแพงเพชร,49,สำนักงานที่ดินจังหวัดกำแพงเพชร สาขาขาณุวรลักษบุรี,352
กำแพงเพชร,49,สำนักงานที่ดินจังหวัดกำแพงเพชร สาขาคลองขลุง,353
ขอนแก่น,28,สำนักงานที่ดินจังหวัดขอนแก่น,275
ขอนแก่น,28,สำนักงานที่ดินจังหวัดขอนแก่น สาขากระนวน,354
ขอนแก่น,28,สำนักงานที่ดินจังหวัดขอนแก่น สาขาชุมแพ,355
ขอนแก่น,28,สำนักงานที่ดินจังหวัดขอนแก่น สาขาน้ำพอง,356
ขอนแก่น,28,สำนักงานที่ดินจังหวัดขอนแก่น สาขาน้ำพอง ส่วนแยกอุบลรัตน์,9015
ขอนแก่น,28,สำนักงานที่ดินจังหวัดขอนแก่น สาขาบ้านไผ่,358
ขอนแก่น,28,สำนักงานที่ดินจังหวัดขอนแก่น สาขาบ้านฝาง,357
ขอนแก่น,28,สำนักงานที่ดินจังหวัดขอนแก่น สาขาพระยืน,359
ขอนแก่น,28,สำนักงานที่ดินจังหวัดขอนแก่น สาขาพล,360
ขอนแก่น,28,สำนักงานที่ดินจังหวัดขอนแก่น สาขาภูเวียง,361
ขอนแก่น,28,สำนักงานที่ดินจังหวัดขอนแก่น สาขามัญจาคีรี,362
ขอนแก่น,28,สำนักงานที่ดินจังหวัดขอนแก่น สาขาแวงน้อย,8989
ขอนแก่น,28,สำนักงานที่ดินจังหวัดขอนแก่น สาขาสีชมพู,363
ขอนแก่น,28,สำนักงานที่ดินจังหวัดขอนแก่น สาขาหนองเรือ,365
ขอนแก่น,28,สำนักงานที่ดินจังหวัดขอนแก่น สาขาหนองสองห้อง,364
จันทบุรี,13,สำนักงานที่ดินจังหวัดจันทบุรี,260
จันทบุรี,13,สำนักงานที่ดินจังหวัดจันทบุรี สาขาขลุง,8831
จันทบุรี,13,สำนักงานที่ดินจังหวัดจันทบุรี สาขาท่าใหม่,366
จันทบุรี,13,สำนักงานที่ดินจังหวัดจันทบุรี สาขามะขาม,367
จันทบุรี,13,สำนักงานที่ดินจังหวัดจันทบุรี ส่วนแยกแหลมสิงห์,1220
ฉะเชิงเทรา,15,สำนักงานที่ดินจังหวัดฉะเชิงเทรา,262
ฉะเชิงเทรา,15,สำนักงานที่ดินจังหวัดฉะเชิงเทรา สาขาบางคล้า,368
ฉะเชิงเทรา,15,สำนักงานที่ดินจังหวัดฉะเชิงเทรา สาขาบางปะกง,369
ฉะเชิงเทรา,15,สำนักงานที่ดินจังหวัดฉะเชิงเทรา สาขาพนมสารคาม,370
ชลบุรี,11,สำนักงานที่ดินจังหวัดชลบุรี,258
ชลบุรี,11,สำนักงานที่ดินจังหวัดชลบุรี สาขาบางละมุง,371
ชลบุรี,11,สำนักงานที่ดินจังหวัดชลบุรี สาขาบ้านบึง,372
ชลบุรี,11,สำนักงานที่ดินจังหวัดชลบุรี สาขาพนัสนิคม,373
ชลบุรี,11,สำนักงานที่ดินจังหวัดชลบุรี สาขาศรีราชา,374
ชลบุรี,11,สำนักงานที่ดินจังหวัดชลบุรี สาขาสัตหีบ,375
ชัยนาท,9,สำนักงานที่ดินจังหวัดชัยนาท,256
ชัยนาท,9,สำนักงานที่ดินจังหวัดชัยนาท สาขาวัดสิงห์,8872
ชัยนาท,9,สำนักงานที่ดินจังหวัดชัยนาท สาขาสรรคบุรี,376
ชัยนาท,9,สำนักงานที่ดินจังหวัดชัยนาท สาขาหันคา,377
ชัยภูมิ,25,สำนักงานที่ดินจังหวัดชัยภูมิ,272
ชัยภูมิ,25,สำนักงานที่ดินจังหวัดชัยภูมิ สาขาเกษตรสมบูรณ์,382
ชัยภูมิ,25,สำนักงานที่ดินจังหวัดชัยภูมิ สาขาแก้งคร้อ,383
ชัยภูมิ,25,สำนักงานที่ดินจังหวัดชัยภูมิ สาขาคอนสวรรค์,378
ชัยภูมิ,25,สำนักงานที่ดินจังหวัดชัยภูมิ สาขาจัตุรัส,379
ชัยภูมิ,25,สำนักงานที่ดินจังหวัดชัยภูมิ สาขาบ้านเขว้า,380
ชัยภูมิ,25,สำนักงานที่ดินจังหวัดชัยภูมิ สาขาบำเหน็จณรงค์,8835
ชัยภูมิ,25,สำนักงานที่ดินจังหวัดชัยภูมิ สาขาภูเขียว,381
ชุมพร,69,สำนักงานที่ดินจังหวัดชุมพร,316
ชุมพร,69,สำนักงานที่ดินจังหวัดชุมพร สาขาท่าแซะ,384
ชุมพร,69,สำนักงานที่ดินจังหวัดชุมพร สาขาปะทิว,385
ชุมพร,69,สำนักงานที่ดินจังหวัดชุมพร สาขาสวี,386
ชุมพร,69,สำนักงานที่ดินจังหวัดชุมพร สาขาหลังสวน,387
เชียงราย,45,สำนักงานที่ดินจังหวัดเชียงราย,292
เชียงราย,45,สำนักงานที่ดินจังหวัดเชียงราย สาขาเชียงของ,618
เชียงราย,45,สำนักงานที่ดินจังหวัดเชียงราย สาขาเชียงแสน,619
เชียงราย,45,สำนักงานที่ดินจังหวัดเชียงราย สาขาเทิง,620
เชียงราย,45,สำนักงานที่ดินจังหวัดเชียงราย สาขาเทิง ส่วนแยกพญาเม็งราย,8973
เชียงราย,45,สำนักงานที่ดินจังหวัดเชียงราย สาขาพาน,617
เชียงราย,45,สำนักงานที่ดินจังหวัดเชียงราย สาขาแม่จัน,623
เชียงราย,45,สำนักงานที่ดินจังหวัดเชียงราย สาขาแม่สาย,624
เชียงราย,45,สำนักงานที่ดินจังหวัดเชียงราย สาขาเวียงชัย,621
เชียงราย,45,สำนักงานที่ดินจังหวัดเชียงราย สาขาเวียงป่าเป้า,622
เชียงราย,45,สำนักงานที่ดินจังหวัดเชียงราย สาขาพาน ส่วนแยกป่าแดด,9501
เชียงราย,45,สำนักงานที่ดินจังหวัดเชียงราย สาขาเวียงป่าเป้า ส่วนแยกแม่สรวย,9506
เชียงใหม่,38,สำนักงานที่ดินจังหวัดเชียงใหม่,285
เชียงใหม่,38,สำนักงานที่ดินจังหวัดเชียงใหม่ สาขาจอมทอง,625
เชียงใหม่,38,สำนักงานที่ดินจังหวัดเชียงใหม่ สาขาจอมทอง ส่วนแยกฮอด,1101
เชียงใหม่,38,สำนักงานที่ดินจังหวัดเชียงใหม่ สาขาเชียงดาว,634
เชียงใหม่,38,สำนักงานที่ดินจังหวัดเชียงใหม่ สาขาดอยสะเก็ด,626
เชียงใหม่,38,สำนักงานที่ดินจังหวัดเชียงใหม่ สาขาฝาง,627
เชียงใหม่,38,สำนักงานที่ดินจังหวัดเชียงใหม่ สาขาพร้าว,628
เชียงใหม่,38,สำนักงานที่ดินจังหวัดเชียงใหม่ สาขาแม่แตง,636
เชียงใหม่,38,สำนักงานที่ดินจังหวัดเชียงใหม่ สาขาแม่ริม,635
เชียงใหม่,38,สำนักงานที่ดินจังหวัดเชียงใหม่ สาขาสันกำแพง,629
เชียงใหม่,38,สำนักงานที่ดินจังหวัดเชียงใหม่ สาขาสันทราย,630
เชียงใหม่,38,สำนักงานที่ดินจังหวัดเชียงใหม่ สาขาสันป่าตอง,631
เชียงใหม่,38,สำนักงานที่ดินจังหวัดเชียงใหม่ สาขาสารภี,632
เชียงใหม่,38,สำนักงานที่ดินจังหวัดเชียงใหม่ สาขาหางดง,633
เชียงใหม่,38,สำนักงานที่ดินจังหวัดเชียงใหม่ สาขาจอมทอง ส่วนแยกแม่แจ่ม,1268
เชียงใหม่,38,สำนักงานที่ดินจังหวัดเชียงใหม่ สาขาแม่ริม ส่วนแยกสะเมิง,1269
ตรัง,72,สำนักงานที่ดินจังหวัดตรัง,319
ตรัง,72,สำนักงานที่ดินจังหวัดตรัง สาขากันตัง,388
ตรัง,72,สำนักงานที่ดินจังหวัดตรัง สาขาย่านตาขาว,389
ตรัง,72,สำนักงานที่ดินจังหวัดตรัง สาขาห้วยยอด,390
ตรัง,72,สำนักงานที่ดินจังหวัดตรัง สาขาสิเกา,6059
ตราด,14,สำนักงานที่ดินจังหวัดตราด,261
ตราด,14,สำนักงานที่ดินจังหวัดตราด ส่วนแยกแหลมงอบ,1232
ตราด,14,สำนักงานที่ดินจังหวัดตราด สาขาเขาสมิง,1230
ตาก,50,สำนักงานที่ดินจังหวัดตาก,297
ตาก,50,สำนักงานที่ดินจังหวัดตาก สาขาแม่สอด,392
ตาก,50,สำนักงานที่ดินจังหวัดตาก สาขาสามเงา,391
ตาก,50,สำนักงานที่ดินจังหวัดตาก สาขาแม่สอด ส่วนแยกแม่ระมาด,755
นครนายก,17,สำนักงานที่ดินจังหวัดนครนายก,264
นครนายก,17,สำนักงานที่ดินจังหวัดนครนายก สาขาองครักษ์,393
นครปฐม,58,สำนักงานที่ดินจังหวัดนครปฐม,305
นครปฐม,58,สำนักงานที่ดินจังหวัดนครปฐม สาขากำแพงแสน,394
นครปฐม,58,สำนักงานที่ดินจังหวัดนครปฐม สาขานครชัยศรี,395
นครปฐม,58,สำนักงานที่ดินจังหวัดนครปฐม สาขาบางเลน,396
นครปฐม,58,สำนักงานที่ดินจังหวัดนครปฐม สาขาสามพราน,397
นครพนม,36,สำนักงานที่ดินจังหวัดนครพนม,283
นครพนม,36,สำนักงานที่ดินจังหวัดนครพนม สาขาท่าอุเทน,398
นครพนม,36,สำนักงานที่ดินจังหวัดนครพนม สาขาธาตุพนม,399
นครพนม,36,สำนักงานที่ดินจังหวัดนครพนม สาขานาแก,400
นครพนม,36,สำนักงานที่ดินจังหวัดนครพนม สาขาเรณูนคร,402
นครพนม,36,สำนักงานที่ดินจังหวัดนครพนม สาขาศรีสงคราม,401
นครพนม,36,สำนักงานที่ดินจังหวัดนครพนม สาขาท่าอุเทน ส่วนแยกบ้านแพง,1233
นครพนม,36,สำนักงานที่ดินจังหวัดนครพนม สาขานาหว้า,9505
นครราชสีมา,19,สำนักงานที่ดินจังหวัดนครราชสีมา,266
นครราชสีมา,19,สำนักงานที่ดินจังหวัดนครราชสีมา สาขาขามสะแกแสง,403
นครราชสีมา,19,สำนักงานที่ดินจังหวัดนครราชสีมา สาขาคง,404
นครราชสีมา,19,สำนักงานที่ดินจังหวัดนครราชสีมา สาขาครบุรี,405
นครราชสีมา,19,สำนักงานที่ดินจังหวัดนครราชสีมา สาขาจักราช,406
นครราชสีมา,19,สำนักงานที่ดินจังหวัดนครราชสีมา สาขาชุมพวง,407
นครราชสีมา,19,สำนักงานที่ดินจังหวัดนครราชสีมา สาขาโชคชัย,416
นครราชสีมา,19,สำนักงานที่ดินจังหวัดนครราชสีมา สาขาด่านขุนทด,408
นครราชสีมา,19,สำนักงานที่ดินจังหวัดนครราชสีมา สาขาโนนไทย,418
นครราชสีมา,19,สำนักงานที่ดินจังหวัดนครราชสีมา สาขาโนนสูง,417
นครราชสีมา,19,สำนักงานที่ดินจังหวัดนครราชสีมา สาขาบัวใหญ่,409
นครราชสีมา,19,สำนักงานที่ดินจังหวัดนครราชสีมา สาขาประทาย,410
นครราชสีมา,19,สำนักงานที่ดินจังหวัดนครราชสีมา สาขาปักธงชัย,411
นครราชสีมา,19,สำนักงานที่ดินจังหวัดนครราชสีมา สาขาปากช่อง,412
นครราชสีมา,19,สำนักงานที่ดินจังหวัดนครราชสีมา สาขาพิมาย,413
นครราชสีมา,19,สำนักงานที่ดินจังหวัดนครราชสีมา สาขาสีคิ้ว,414
นครราชสีมา,19,สำนักงานที่ดินจังหวัดนครราชสีมา สาขาสูงเนิน,415
นครราชสีมา,19,สำนักงานที่ดินจังหวัดนครราชสีมา สาขาขามทะเลสอ,9503
นครศรีธรรมราช,63,สำนักงานที่ดินจังหวัดนครศรีธรรมราช,310
นครศรีธรรมราช,63,สำนักงานที่ดินจังหวัดนครศรีธรรมราช สาขาฉวาง,421
นครศรีธรรมราช,63,สำนักงานที่ดินจังหวัดนครศรีธรรมราช สาขาชะอวด,422
นครศรีธรรมราช,63,สำนักงานที่ดินจังหวัดนครศรีธรรมราช สาขาเชียรใหญ่,428
นครศรีธรรมราช,63,สำนักงานที่ดินจังหวัดนครศรีธรรมราช สาขาท่าศาลา,424
นครศรีธรรมราช,63,สำนักงานที่ดินจังหวัดนครศรีธรรมราช สาขาทุ่งสง,6693
นครศรีธรรมราช,63,สำนักงานที่ดินจังหวัดนครศรีธรรมราช สาขาปากพนัง,425
นครศรีธรรมราช,63,สำนักงานที่ดินจังหวัดนครศรีธรรมราช สาขาร่อนพิบูลย์,419
นครศรีธรรมราช,63,สำนักงานที่ดินจังหวัดนครศรีธรรมราช สาขาลานสกา,420
นครศรีธรรมราช,63,สำนักงานที่ดินจังหวัดนครศรีธรรมราช สาขาสิชล,426
นครศรีธรรมราช,63,สำนักงานที่ดินจังหวัดนครศรีธรรมราช สาขาหัวไทร,427
นครศรีธรรมราช,63,สำนักงานที่ดินจังหวัดนครศรีธรรมราช สาขาทุ่งใหญ่,9521
นครศรีธรรมราช,63,สำนักงานที่ดินจังหวัดนครศรีธรรมราช สาขาลานสกา ส่วนแยกพรหมคีรี,9520
นครสวรรค์,47,สำนักงานที่ดินจังหวัดนครสวรรค์,294
นครสวรรค์,47,สำนักงานที่ดินจังหวัดนครสวรรค์ สาขาชุมแสง,429
นครสวรรค์,47,สำนักงานที่ดินจังหวัดนครสวรรค์ สาขาตาคลี,430
นครสวรรค์,47,สำนักงานที่ดินจังหวัดนครสวรรค์ สาขาท่าตะโก,431
นครสวรรค์,47,สำนักงานที่ดินจังหวัดนครสวรรค์ สาขาบรรพตพิสัย,432
นครสวรรค์,47,สำนักงานที่ดินจังหวัดนครสวรรค์ สาขาพยุหะคีรี,433
นครสวรรค์,47,สำนักงานที่ดินจังหวัดนครสวรรค์ สาขาลาดยาว,434
นครสวรรค์,47,สำนักงานที่ดินจังหวัดนครสวรรค์ สาขาหนองบัว,435
นครสวรรค์,47,สำนักงานที่ดินจังหวัดนครสวรรค์ สาขาตากฟ้า,9508
นครสวรรค์,47,สำนักงานที่ดินจังหวัดนครสวรรค์ สาขาท่าตะโก ส่วนแยกไพศาลี,1237
นนทบุรี,3,สำนักงานที่ดินจังหวัดนนทบุรี,250
นนทบุรี,3,สำนักงานที่ดินจังหวัดนนทบุรี สาขาบางบัวทอง,436
นนทบุรี,3,สำนักงานที่ดินจังหวัดนนทบุรี สาขาบางใหญ่,437
นนทบุรี,3,สำนักงานที่ดินจังหวัดนนทบุรี สาขาปากเกร็ด,438
นราธิวาส,76,สำนักงานที่ดินจังหวัดนราธิวาส,323
นราธิวาส,76,สำนักงานที่ดินจังหวัดนราธิวาส สาขาตากใบ,439
นราธิวาส,76,สำนักงานที่ดินจังหวัดนราธิวาส สาขาบาเจาะ,8841
นราธิวาส,76,สำนักงานที่ดินจังหวัดนราธิวาส สาขารือเสาะ,440
นราธิวาส,76,สำนักงานที่ดินจังหวัดนราธิวาส สาขาสุไหงโก-ลก,442
นราธิวาส,76,สำนักงานที่ดินจังหวัดนราธิวาส สาขาสุไหงปาดี,441
น่าน,43,สำนักงานที่ดินจังหวัดน่าน,290
น่าน,43,สำนักงานที่ดินจังหวัดน่าน สาขาท่าวังผา,443
น่าน,43,สำนักงานที่ดินจังหวัดน่าน สาขานาน้อย,444
น่าน,43,สำนักงานที่ดินจังหวัดน่าน สาขาปัว,445
น่าน,43,สำนักงานที่ดินจังหวัดน่าน สาขาเวียงสา,446
น่าน,43,สำนักงานที่ดินจังหวัดน่าน สาขาเชียงกลาง,9507
บึงกาฬ,77,สำนักงานที่ดินจังหวัดบึงกาฬ,8804
บึงกาฬ,77,สำนักงานที่ดินจังหวัดบึงกาฬ สาขาเซกา,8817
บุรีรัมย์,20,สำนักงานที่ดินจังหวัดบุรีรัมย์,267
บุรีรัมย์,20,สำนักงานที่ดินจังหวัดบุรีรัมย์ สาขากระสัง,447
บุรีรัมย์,20,สำนักงานที่ดินจังหวัดบุรีรัมย์ สาขานางรอง,448
บุรีรัมย์,20,สำนักงานที่ดินจังหวัดบุรีรัมย์ สาขาประโคนชัย,449
บุรีรัมย์,20,สำนักงานที่ดินจังหวัดบุรีรัมย์ สาขาพุทไธสง,450
บุรีรัมย์,20,สำนักงานที่ดินจังหวัดบุรีรัมย์ สาขาละหานทราย,9515
บุรีรัมย์,20,สำนักงานที่ดินจังหวัดบุรีรัมย์ สาขาลำปลายมาศ,451
บุรีรัมย์,20,สำนักงานที่ดินจังหวัดบุรีรัมย์ สาขาสตึก,452
บุรีรัมย์,20,สำนักงานที่ดินจังหวัดบุรีรัมย์ สาขาคูเมือง,9513
ปทุมธานี,4,สำนักงานที่ดินจังหวัดปทุมธานี,251
ปทุมธานี,4,สำนักงานที่ดินจังหวัดปทุมธานี สาขาคลองหลวง,453
ปทุมธานี,4,สำนักงานที่ดินจังหวัดปทุมธานี สาขาธัญบุรี,454
ปทุมธานี,4,สำนักงานที่ดินจังหวัดปทุมธานี สาขาลำลูกกา,456
ประจวบคีรีขันธ์,62,สำนักงานที่ดินจังหวัดประจวบคีรีขันธ์,309
ประจวบคีรีขันธ์,62,สำนักงานที่ดินจังหวัดประจวบคีรีขันธ์ สาขาบางสะพาน,457
ประจวบคีรีขันธ์,62,สำนักงานที่ดินจังหวัดประจวบคีรีขันธ์ สาขาปราณบุรี,458
ประจวบคีรีขันธ์,62,สำนักงานที่ดินจังหวัดประจวบคีรีขันธ์ สาขาหัวหิน,459
ปราจีนบุรี,16,สำนักงานที่ดินจังหวัดปราจีนบุรี,263
ปราจีนบุรี,16,สำนักงานที่ดินจังหวัดปราจีนบุรี สาขากบินทร์บุรี,460
ปัตตานี,74,สำนักงานที่ดินจังหวัดปัตตานี,321
ปัตตานี,74,สำนักงานที่ดินจังหวัดปัตตานี สาขาโคกโพธิ์,463
ปัตตานี,74,สำนักงานที่ดินจังหวัดปัตตานี สาขาปะนาเระ,461
ปัตตานี,74,สำนักงานที่ดินจังหวัดปัตตานี สาขาสายบุรี,462
พระนครศรีอยุธยา,5,สำนักงานที่ดินจังหวัดพระนครศรีอยุธยา,252
พระนครศรีอยุธยา,5,สำนักงานที่ดินจังหวัดพระนครศรีอยุธยา สาขาท่าเรือ,464
พระนครศรีอยุธยา,5,สำนักงานที่ดินจังหวัดพระนครศรีอยุธยา สาขาวังน้อย,465
พระนครศรีอยุธยา,5,สำนักงานที่ดินจังหวัดพระนครศรีอยุธยา สาขาเสนา,466
พะเยา,44,สำนักงานที่ดินจังหวัดพะเยา,291
พะเยา,44,สำนักงานที่ดินจังหวัดพะเยา สาขาจุน,467
พะเยา,44,สำนักงานที่ดินจังหวัดพะเยา สาขาเชียงคำ,470
พะเยา,44,สำนักงานที่ดินจังหวัดพะเยา สาขาดอกคำใต้,468
พะเยา,44,สำนักงานที่ดินจังหวัดพะเยา สาขาปง,469
พะเยา,44,สำนักงานที่ดินจังหวัดพะเยา สาขาแม่ใจ,471
พะเยา,44,สำนักงานที่ดินจังหวัดพะเยา สาขาปง ส่วนแยกเชียงม่วน,8969
พังงา,65,สำนักงานที่ดินจังหวัดพังงา,312
พังงา,65,สำนักงานที่ดินจังหวัดพังงา สาขาตะกั่วทุ่ง,472
พังงา,65,สำนักงานที่ดินจังหวัดพังงา สาขาตะกั่วป่า,473
พังงา,65,สำนักงานที่ดินจังหวัดพังงา สาขาท้ายเหมือง,474
พังงา,65,สำนักงานที่ดินจังหวัดพังงา ส่วนแยกเกาะยาว,9529
พัทลุง,73,สำนักงานที่ดินจังหวัดพัทลุง,320
พัทลุง,73,สำนักงานที่ดินจังหวัดพัทลุง สาขาควนขนุน,475
พัทลุง,73,สำนักงานที่ดินจังหวัดพัทลุง สาขาตะโหมด,476
พัทลุง,73,สำนักงานที่ดินจังหวัดพัทลุง สาขาปากพะยูน,477
พิจิตร,53,สำนักงานที่ดินจังหวัดพิจิตร,300
พิจิตร,53,สำนักงานที่ดินจังหวัดพิจิตร สาขาตะพานหิน,478
พิจิตร,53,สำนักงานที่ดินจังหวัดพิจิตร สาขาบางมูลนาก,479
พิจิตร,53,สำนักงานที่ดินจังหวัดพิจิตร สาขาโพทะเล,480
พิจิตร,53,สำนักงานที่ดินจังหวัดพิจิตร สาขาโพธิ์ประทับช้าง,481
พิจิตร,53,สำนักงานที่ดินจังหวัดพิจิตร สาขาสามง่าม,1243
พิษณุโลก,52,สำนักงานที่ดินจังหวัดพิษณุโลก,299
พิษณุโลก,52,สำนักงานที่ดินจังหวัดพิษณุโลก สาขานครไทย,482
พิษณุโลก,52,สำนักงานที่ดินจังหวัดพิษณุโลก สาขาบางกระทุ่ม,483
พิษณุโลก,52,สำนักงานที่ดินจังหวัดพิษณุโลก สาขาบางระกำ,484
พิษณุโลก,52,สำนักงานที่ดินจังหวัดพิษณุโลก สาขาพรหมพิราม,485
พิษณุโลก,52,สำนักงานที่ดินจังหวัดพิษณุโลก สาขาวังทอง,486
พิษณุโลก,52,สำนักงานที่ดินจังหวัดพิษณุโลก สาขาวัดโบสถ์,487
เพชรบุรี,61,สำนักงานที่ดินจังหวัดเพชรบุรี,308
เพชรบุรี,61,สำนักงานที่ดินจังหวัดเพชรบุรี สาขาเขาย้อย,639
เพชรบุรี,61,สำนักงานที่ดินจังหวัดเพชรบุรี สาขาชะอำ,637
เพชรบุรี,61,สำนักงานที่ดินจังหวัดเพชรบุรี สาขาท่ายาง,638
เพชรบูรณ์,54,สำนักงานที่ดินจังหวัดเพชรบูรณ์,301
เพชรบูรณ์,54,สำนักงานที่ดินจังหวัดเพชรบูรณ์ สาขาชนแดน,640
เพชรบูรณ์,54,สำนักงานที่ดินจังหวัดเพชรบูรณ์ สาขาวิเชียรบุรี,641
เพชรบูรณ์,54,สำนักงานที่ดินจังหวัดเพชรบูรณ์ สาขาหนองไผ่,642
เพชรบูรณ์,54,สำนักงานที่ดินจังหวัดเพชรบูรณ์ สาขาหล่มเก่า,644
เพชรบูรณ์,54,สำนักงานที่ดินจังหวัดเพชรบูรณ์ สาขาหล่มสัก,643
เพชรบูรณ์,54,สำนักงานที่ดินจังหวัดเพชรบูรณ์ สาขาหล่มสัก ส่วนแยกเขาค้อ,9000
แพร่,42,สำนักงานที่ดินจังหวัดแพร่,289
แพร่,42,สำนักงานที่ดินจังหวัดแพร่ สาขาร้องกวาง,649
แพร่,42,สำนักงานที่ดินจังหวัดแพร่ สาขาลอง,650
แพร่,42,สำนักงานที่ดินจังหวัดแพร่ สาขาวังชิ้น,651
แพร่,42,สำนักงานที่ดินจังหวัดแพร่ สาขาสอง,652
แพร่,42,สำนักงานที่ดินจังหวัดแพร่ สาขาสูงเม่น,653
ภูเก็ต,66,สำนักงานที่ดินจังหวัดภูเก็ต,313
ภูเก็ต,66,สำนักงานที่ดินจังหวัดภูเก็ต สาขาถลาง,488
มหาสารคาม,32,สำนักงานที่ดินจังหวัดมหาสารคาม,279
มหาสารคาม,32,สำนักงานที่ดินจังหวัดมหาสารคาม สาขากันทรวิชัย,489
มหาสารคาม,32,สำนักงานที่ดินจังหวัดมหาสารคาม สาขาโกสุมพิสัย,495
มหาสารคาม,32,สำนักงานที่ดินจังหวัดมหาสารคาม สาขาเชียงยืน,494
มหาสารคาม,32,สำนักงานที่ดินจังหวัดมหาสารคาม สาขานาเชือก,490
มหาสารคาม,32,สำนักงานที่ดินจังหวัดมหาสารคาม สาขาบรบือ,491
มหาสารคาม,32,สำนักงานที่ดินจังหวัดมหาสารคาม สาขาพยัคฆภูมิพิสัย,492
มหาสารคาม,32,สำนักงานที่ดินจังหวัดมหาสารคาม สาขาวาปีปทุม,493
มุกดาหาร,37,สำนักงานที่ดินจังหวัดมุกดาหาร,284
มุกดาหาร,37,สำนักงานที่ดินจังหวัดมุกดาหาร สาขาคำชะอี,496
แม่ฮ่องสอน,46,สำนักงานที่ดินจังหวัดแม่ฮ่องสอน,293
แม่ฮ่องสอน,46,สำนักงานที่ดินจังหวัดแม่ฮ่องสอน สาขาปาย,654
แม่ฮ่องสอน,46,สำนักงานที่ดินจังหวัดแม่ฮ่องสอน สาขาแม่สะเรียง,655
ยโสธร,24,สำนักงานที่ดินจังหวัดยโสธร,271
ยโสธร,24,สำนักงานที่ดินจังหวัดยโสธร สาขาคำเขื่อนแก้ว,500
ยโสธร,24,สำนักงานที่ดินจังหวัดยโสธร สาขามหาชนะชัย,501
ยโสธร,24,สำนักงานที่ดินจังหวัดยโสธร สาขาเลิงนกทา,502
ยโสธร,24,สำนักงานที่ดินจังหวัดยโสธร สาขากุดชุม,8955
ยะลา,75,สำนักงานที่ดินจังหวัดยะลา,322
ยะลา,75,สำนักงานที่ดินจังหวัดยะลา สาขาบันนังสตา,497
ยะลา,75,สำนักงานที่ดินจังหวัดยะลา สาขาเบตง,499
ยะลา,75,สำนักงานที่ดินจังหวัดยะลา สาขายะหา,498
ยะลา,75,สำนักงานที่ดินจังหวัดยะลา สาขารามัน,8845
ร้อยเอ็ด,33,สำนักงานที่ดินจังหวัดร้อยเอ็ด,280
ร้อยเอ็ด,33,สำนักงานที่ดินจังหวัดร้อยเอ็ด สาขาเกษตรวิสัย,517
ร้อยเอ็ด,33,สำนักงานที่ดินจังหวัดร้อยเอ็ด สาขาจตุรพักตรพิมาน,511
ร้อยเอ็ด,33,สำนักงานที่ดินจังหวัดร้อยเอ็ด สาขาธวัชบุรี,512
ร้อยเอ็ด,33,สำนักงานที่ดินจังหวัดร้อยเอ็ด สาขาปทุมรัตต์,513
ร้อยเอ็ด,33,สำนักงานที่ดินจังหวัดร้อยเอ็ด สาขาพนมไพร,514
ร้อยเอ็ด,33,สำนักงานที่ดินจังหวัดร้อยเอ็ด สาขาโพนทอง,519
ร้อยเอ็ด,33,สำนักงานที่ดินจังหวัดร้อยเอ็ด สาขาสุวรรณภูมิ,515
ร้อยเอ็ด,33,สำนักงานที่ดินจังหวัดร้อยเอ็ด สาขาเสลภูมิ,518
ร้อยเอ็ด,33,สำนักงานที่ดินจังหวัดร้อยเอ็ด สาขาอาจสามารถ,516
ระนอง,68,สำนักงานที่ดินจังหวัดระนอง,315
ระยอง,12,สำนักงานที่ดินจังหวัดระยอง,259
ระยอง,12,สำนักงานที่ดินจังหวัดระยอง สาขาแกลง,506
ระยอง,12,สำนักงานที่ดินจังหวัดระยอง สาขาบ้านค่าย,503
ระยอง,12,สำนักงานที่ดินจังหวัดระยอง สาขาบ้านฉาง,504
ระยอง,12,สำนักงานที่ดินจังหวัดระยอง สาขาปลวกแดง,505
ราชบุรี,55,สำนักงานที่ดินจังหวัดราชบุรี,302
ราชบุรี,55,สำนักงานที่ดินจังหวัดราชบุรี สาขาจอมบึง,507
ราชบุรี,55,สำนักงานที่ดินจังหวัดราชบุรี สาขาบ้านโป่ง,508
ราชบุรี,55,สำนักงานที่ดินจังหวัดราชบุรี สาขาปากท่อ,509
ราชบุรี,55,สำนักงานที่ดินจังหวัดราชบุรี สาขาโพธาราม,510
ราชบุรี,55,สำนักงานที่ดินจังหวัดราชบุรี สาขาสวนผึ้ง,9519
ลพบุรี,7,สำนักงานที่ดินจังหวัดลพบุรี,254
ลพบุรี,7,สำนักงานที่ดินจังหวัดลพบุรี สาขาโคกสำโรง,523
ลพบุรี,7,สำนักงานที่ดินจังหวัดลพบุรี สาขาชัยบาดาล,520
ลพบุรี,7,สำนักงานที่ดินจังหวัดลพบุรี สาขาบ้านหมี่,521
ลพบุรี,7,สำนักงานที่ดินจังหวัดลพบุรี สาขาพัฒนานิคม,522
ลำปาง,40,สำนักงานที่ดินจังหวัดลำปาง,287
ลำปาง,40,สำนักงานที่ดินจังหวัดลำปาง สาขาเกาะคา,528
ลำปาง,40,สำนักงานที่ดินจังหวัดลำปาง สาขางาว,524
ลำปาง,40,สำนักงานที่ดินจังหวัดลำปาง สาขาแจ้ห่ม,531
ลำปาง,40,สำนักงานที่ดินจังหวัดลำปาง สาขาเถิน,529
ลำปาง,40,สำนักงานที่ดินจังหวัดลำปาง สาขาแม่ทะ,532
ลำปาง,40,สำนักงานที่ดินจังหวัดลำปาง สาขาแม่พริก,533
ลำปาง,40,สำนักงานที่ดินจังหวัดลำปาง สาขาวังเหนือ,525
ลำปาง,40,สำนักงานที่ดินจังหวัดลำปาง สาขาสบปราบ,526
ลำปาง,40,สำนักงานที่ดินจังหวัดลำปาง สาขาเสริมงาม,530
ลำปาง,40,สำนักงานที่ดินจังหวัดลำปาง สาขาห้างฉัตร,527
ลำพูน,39,สำนักงานที่ดินจังหวัดลำพูน,286
ลำพูน,39,สำนักงานที่ดินจังหวัดลำพูน สาขาบ้านโฮ่ง,534
ลำพูน,39,สำนักงานที่ดินจังหวัดลำพูน สาขาป่าซาง,535
ลำพูน,39,สำนักงานที่ดินจังหวัดลำพูน สาขาแม่ทา,8849
ลำพูน,39,สำนักงานที่ดินจังหวัดลำพูน สาขาลี้,536
ลำพูน,39,สำนักงานที่ดินจังหวัดลำพูน ส่วนแยกบ้านธิ,1251
เลย,30,สำนักงานที่ดินจังหวัดเลย,277
เลย,30,สำนักงานที่ดินจังหวัดเลย สาขาเชียงคาน,648
เลย,30,สำนักงานที่ดินจังหวัดเลย สาขาด่านซ้าย,645
เลย,30,สำนักงานที่ดินจังหวัดเลย สาขาภูกระดึง,646
เลย,30,สำนักงานที่ดินจังหวัดเลย สาขาวังสะพุง,647
ศรีสะเกษ,22,สำนักงานที่ดินจังหวัดศรีสะเกษ,269
ศรีสะเกษ,22,สำนักงานที่ดินจังหวัดศรีสะเกษ สาขากันทรลักษ์,537
ศรีสะเกษ,22,สำนักงานที่ดินจังหวัดศรีสะเกษ สาขากันทรารมย์,538
ศรีสะเกษ,22,สำนักงานที่ดินจังหวัดศรีสะเกษ สาขาขุขันธ์,539
ศรีสะเกษ,22,สำนักงานที่ดินจังหวัดศรีสะเกษ สาขาขุนหาญ,540
ศรีสะเกษ,22,สำนักงานที่ดินจังหวัดศรีสะเกษ สาขาปรางค์กู่,541
ศรีสะเกษ,22,สำนักงานที่ดินจังหวัดศรีสะเกษ สาขาราษีไศล,542
ศรีสะเกษ,22,สำนักงานที่ดินจังหวัดศรีสะเกษ สาขาอุทุมพรพิสัย,543
สกลนคร,35,สำนักงานที่ดินจังหวัดสกลนคร,282
สกลนคร,35,สำนักงานที่ดินจังหวัดสกลนคร สาขาพรรณานิคม,544
สกลนคร,35,สำนักงานที่ดินจังหวัดสกลนคร สาขาพังโคน,545
สกลนคร,35,สำนักงานที่ดินจังหวัดสกลนคร สาขาวานรนิวาส,546
สกลนคร,35,สำนักงานที่ดินจังหวัดสกลนคร สาขาวาริชภูมิ,547
สกลนคร,35,สำนักงานที่ดินจังหวัดสกลนคร สาขาสว่างแดนดิน,548
สกลนคร,35,สำนักงานที่ดินจังหวัดสกลนคร สาขาอากาศอำนวย,549
สกลนคร,35,สำนักงานที่ดินจังหวัดสกลนคร สาขากุสุมาลย์,9509
สกลนคร,35,สำนักงานที่ดินจังหวัดสกลนคร สาขาบ้านม่วง,1253
สงขลา,70,สำนักงานที่ดินจังหวัดสงขลา,317
สงขลา,70,สำนักงานที่ดินจังหวัดสงขลา สาขาจะนะ,550
สงขลา,70,สำนักงานที่ดินจังหวัดสงขลา สาขาเทพา,558
สงขลา,70,สำนักงานที่ดินจังหวัดสงขลา สาขานาทวี,551
สงขลา,70,สำนักงานที่ดินจังหวัดสงขลา สาขาระโนด,552
สงขลา,70,สำนักงานที่ดินจังหวัดสงขลา สาขารัตภูมิ,553
สงขลา,70,สำนักงานที่ดินจังหวัดสงขลา สาขาสทิงพระ,554
สงขลา,70,สำนักงานที่ดินจังหวัดสงขลา สาขาสะเดา,555
สงขลา,70,สำนักงานที่ดินจังหวัดสงขลา สาขาสะบ้าย้อย,9924
สงขลา,70,สำนักงานที่ดินจังหวัดสงขลา สาขาสิงหนคร,556
สงขลา,70,สำนักงานที่ดินจังหวัดสงขลา สาขาหาดใหญ่,557
สงขลา,70,สำนักงานที่ดินจังหวัดสงขลา สาขาบางกล่ำ,9525
สตูล,71,สำนักงานที่ดินจังหวัดสตูล,318
สตูล,71,สำนักงานที่ดินจังหวัดสตูล สาขาละงู,559
สมุทรปราการ,2,สำนักงานที่ดินจังหวัดสมุทรปราการ,249
สมุทรปราการ,2,สำนักงานที่ดินจังหวัดสมุทรปราการ สาขาบางพลี,560
สมุทรปราการ,2,สำนักงานที่ดินจังหวัดสมุทรปราการ สาขาพระประแดง,561
สมุทรปราการ,2,สำนักงานที่ดินจังหวัดสมุทรปราการ สาขาพระสมุทรเจดีย์,9524
สมุทรสงคราม,60,สำนักงานที่ดินจังหวัดสมุทรสงคราม,307
สมุทรสาคร,59,สำนักงานที่ดินจังหวัดสมุทรสาคร,306
สมุทรสาคร,59,สำนักงานที่ดินจังหวัดสมุทรสาคร สาขากระทุ่มแบน,562
สมุทรสาคร,59,สำนักงานที่ดินจังหวัดสมุทรสาคร สาขาบ้านแพ้ว,563
สระแก้ว,18,สำนักงานที่ดินจังหวัดสระแก้ว,265
สระแก้ว,18,สำนักงานที่ดินจังหวัดสระแก้ว สาขาอรัญประเทศ,567
สระบุรี,10,สำนักงานที่ดินจังหวัดสระบุรี,257
สระบุรี,10,สำนักงานที่ดินจังหวัดสระบุรี สาขาแก่งคอย,566
สระบุรี,10,สำนักงานที่ดินจังหวัดสระบุรี สาขาพระพุทธบาท,564
สระบุรี,10,สำนักงานที่ดินจังหวัดสระบุรี สาขาหนองแค,565
สิงห์บุรี,8,สำนักงานที่ดินจังหวัดสิงห์บุรี,255
สุโขทัย,51,สำนักงานที่ดินจังหวัดสุโขทัย,298
สุโขทัย,51,สำนักงานที่ดินจังหวัดสุโขทัย สาขากงไกรลาศ,587
สุโขทัย,51,สำนักงานที่ดินจังหวัดสุโขทัย สาขาศรีสัชนาลัย,588
สุโขทัย,51,สำนักงานที่ดินจังหวัดสุโขทัย สาขาศรีสำโรง,589
สุโขทัย,51,สำนักงานที่ดินจังหวัดสุโขทัย สาขาสวรรคโลก,590
สุพรรณบุรี,57,สำนักงานที่ดินจังหวัดสุพรรณบุรี,304
สุพรรณบุรี,57,สำนักงานที่ดินจังหวัดสุพรรณบุรี สาขาดอนเจดีย์,8853
สุพรรณบุรี,57,สำนักงานที่ดินจังหวัดสุพรรณบุรี สาขาเดิมบางนางบวช,572
สุพรรณบุรี,57,สำนักงานที่ดินจังหวัดสุพรรณบุรี สาขาศรีประจันต์,568
สุพรรณบุรี,57,สำนักงานที่ดินจังหวัดสุพรรณบุรี สาขาสองพี่น้อง,569
สุพรรณบุรี,57,สำนักงานที่ดินจังหวัดสุพรรณบุรี สาขาสามชุก,570
สุพรรณบุรี,57,สำนักงานที่ดินจังหวัดสุพรรณบุรี สาขาอู่ทอง,571
สุราษฎร์ธานี,67,สำนักงานที่ดินจังหวัดสุราษฎร์ธานี,314
สุราษฎร์ธานี,67,สำนักงานที่ดินจังหวัดสุราษฎร์ธานี สาขากาญจนดิษฐ์,573
สุราษฎร์ธานี,67,สำนักงานที่ดินจังหวัดสุราษฎร์ธานี สาขาเกาะสมุย,577
สุราษฎร์ธานี,67,สำนักงานที่ดินจังหวัดสุราษฎร์ธานี สาขาไชยา,579
สุราษฎร์ธานี,67,สำนักงานที่ดินจังหวัดสุราษฎร์ธานี สาขาบ้านตาขุน,574
สุราษฎร์ธานี,67,สำนักงานที่ดินจังหวัดสุราษฎร์ธานี สาขาบ้านนาสาร,575
สุราษฎร์ธานี,67,สำนักงานที่ดินจังหวัดสุราษฎร์ธานี สาขาพระแสง,8866
สุราษฎร์ธานี,67,สำนักงานที่ดินจังหวัดสุราษฎร์ธานี สาขาพุนพิน,576
สุราษฎร์ธานี,67,สำนักงานที่ดินจังหวัดสุราษฎร์ธานี สาขาเวียงสระ,578
สุราษฎร์ธานี,67,สำนักงานที่ดินจังหวัดสุราษฎร์ธานี สาขากาญจนดิษฐ์ ส่วนแยกดอนสัก,9500
สุราษฎร์ธานี,67,สำนักงานที่ดินจังหวัดสุราษฎร์ธานี สาขาเกาะสมุย ส่วนแยกเกาะพะงัน,1263
สุราษฎร์ธานี,67,สำนักงานที่ดินจังหวัดสุราษฎร์ธานี สาขาท่าฉาง,1262
สุรินทร์,21,สำนักงานที่ดินจังหวัดสุรินทร์,268
สุรินทร์,21,สำนักงานที่ดินจังหวัดสุรินทร์ สาขาจอมพระ,580
สุรินทร์,21,สำนักงานที่ดินจังหวัดสุรินทร์ สาขาชุมพลบุรี,581
สุรินทร์,21,สำนักงานที่ดินจังหวัดสุรินทร์ สาขาท่าตูม,582
สุรินทร์,21,สำนักงานที่ดินจังหวัดสุรินทร์ สาขาปราสาท,583
สุรินทร์,21,สำนักงานที่ดินจังหวัดสุรินทร์ สาขารัตนบุรี,584
สุรินทร์,21,สำนักงานที่ดินจังหวัดสุรินทร์ สาขาศีขรภูมิ,585
สุรินทร์,21,สำนักงานที่ดินจังหวัดสุรินทร์ สาขาสังขะ,586
สุรินทร์,21,สำนักงานที่ดินจังหวัดสุรินทร์ สาขาศีขรภูมิ ส่วนแยกสำโรงทาบ,1023
หนองคาย,31,สำนักงานที่ดินจังหวัดหนองคาย,278
หนองคาย,31,สำนักงานที่ดินจังหวัดหนองคาย สาขาท่าบ่อ,591
หนองคาย,31,สำนักงานที่ดินจังหวัดหนองคาย สาขาโพนพิสัย,594
หนองบัวลำภู,27,สำนักงานที่ดินจังหวัดหนองบัวลำภู,274
หนองบัวลำภู,27,สำนักงานที่ดินจังหวัดหนองบัวลำภู สาขาศรีบุญเรือง,595
อ่างทอง,6,สำนักงานที่ดินจังหวัดอ่างทอง,253
อำนาจเจริญ,26,สำนักงานที่ดินจังหวัดอำนาจเจริญ,273
อำนาจเจริญ,26,สำนักงานที่ดินจังหวัดอำนาจเจริญ สาขาหัวตะพาน,596
อำนาจเจริญ,26,สำนักงานที่ดินจังหวัดอำนาจเจริญ ส่วนแยกพนา,9504
อุดรธานี,29,สำนักงานที่ดินจังหวัดอุดรธานี,276
อุดรธานี,29,สำนักงานที่ดินจังหวัดอุดรธานี สาขากุดจับ,597
อุดรธานี,29,สำนักงานที่ดินจังหวัดอุดรธานี สาขากุมภวาปี,598
อุดรธานี,29,สำนักงานที่ดินจังหวัดอุดรธานี สาขาบ้านดุง,599
อุดรธานี,29,สำนักงานที่ดินจังหวัดอุดรธานี สาขาบ้านผือ,600
อุดรธานี,29,สำนักงานที่ดินจังหวัดอุดรธานี สาขาเพ็ญ,603
อุดรธานี,29,สำนักงานที่ดินจังหวัดอุดรธานี สาขาหนองวัวซอ,601
อุดรธานี,29,สำนักงานที่ดินจังหวัดอุดรธานี สาขาหนองหาน,602
อุดรธานี,29,สำนักงานที่ดินจังหวัดอุดรธานี สาขากุมภวาปี ส่วนแยกโนนสะอาด,1264
อุดรธานี,29,สำนักงานที่ดินจังหวัดอุดรธานี สาขาบ้านผือ ส่วนแยกน้ำโสม,9511
อุดรธานี,29,สำนักงานที่ดินจังหวัดอุดรธานี สาขาศรีธาตุ,9510
อุดรธานี,29,สำนักงานที่ดินจังหวัดอุดรธานี สาขาหนองหาน ส่วนแยกทุ่งฝน,1265
อุตรดิตถ์,41,สำนักงานที่ดินจังหวัดอุตรดิตถ์,288
อุตรดิตถ์,41,สำนักงานที่ดินจังหวัดอุตรดิตถ์ สาขาตรอน,604
อุตรดิตถ์,41,สำนักงานที่ดินจังหวัดอุตรดิตถ์ สาขาน้ำปาด,605
อุตรดิตถ์,41,สำนักงานที่ดินจังหวัดอุตรดิตถ์ สาขาพิชัย,606
อุทัยธานี,48,สำนักงานที่ดินจังหวัดอุทัยธานี,295
อุทัยธานี,48,สำนักงานที่ดินจังหวัดอุทัยธานี สาขาบ้านไร่,607
อุทัยธานี,48,สำนักงานที่ดินจังหวัดอุทัยธานี สาขาหนองฉาง,608
อุบลราชธานี,23,สำนักงานที่ดินจังหวัดอุบลราชธานี,270
อุบลราชธานี,23,สำนักงานที่ดินจังหวัดอุบลราชธานี สาขาเขมราฐ,614
อุบลราชธานี,23,สำนักงานที่ดินจังหวัดอุบลราชธานี สาขาเขื่องใน,615
อุบลราชธานี,23,สำนักงานที่ดินจังหวัดอุบลราชธานี สาขาเดชอุดม,616
อุบลราชธานี,23,สำนักงานที่ดินจังหวัดอุบลราชธานี สาขาตระการพืชผล,609
อุบลราชธานี,23,สำนักงานที่ดินจังหวัดอุบลราชธานี สาขาน้ำยืน,610
อุบลราชธานี,23,สำนักงานที่ดินจังหวัดอุบลราชธานี สาขาพิบูลมังสาหาร,611
อุบลราชธานี,23,สำนักงานที่ดินจังหวัดอุบลราชธานี สาขาม่วงสามสิบ,612
อุบลราชธานี,23,สำนักงานที่ดินจังหวัดอุบลราชธานี สาขาวารินชำราบ,613
อุบลราชธานี,23,สำนักงานที่ดินจังหวัดอุบลราชธานี สาขาศรีเมืองใหม่,1267
